nombre,localidad,direccion,telefono,email,web,gps_lat,gps_lon,rrss,servicios,url_ficha,slug,descripcion
Bodega Cooperativa Albarizas,Trebujena,Avenida de Jerez,+34 956 332 050,admon@vinosdealbarizas.com,https://vinosdealbarizas.com/,36.866198,-6.1733431,https://www.facebook.com/vinosdeAlbarizas/ | https://www.instagram.com/vinosdealbarizas/,Visitas a bodega con cata de vinos | Tienda de vinos,https://rutadelvinojerez.es/empresas-y-servicios/bodega-cooperativa-albarizas,bodega-cooperativa-albarizas,"La Bodega Cooperativa Albarizas de Trebujena es una parada imprescindible para descubrir la esencia vitivinícola del Bajo Guadalquivir y del Marco de Jerez. Fundada en 1977, reúne a generaciones de viticultores que han sabido conservar el saber tradicional del viñedo sobre albarizas, dando lugar a vinos con identidad propia y profundo arraigo al territorio. La visita a la bodega permite conocer de cerca el trabajo cooperativo, los procesos de elaboración del mosto y los vinos, y adentrarse en su bodega de crianza, donde reposan Finos, Amontillados, Olorosos y Creams bajo la marca Castillo de Guzmán. La experiencia se completa con degustaciones comentadas que invitan a comprender el paisaje, el clima y la cultura del vino de Trebujena, uniendo vino, historia y territorio en un entorno auténtico y sin artificios."
Bodega Gago & Co. Barrels – Wines,Jerez de la Frontera,Calle Arcos 51 11401 Jerez de la Frontera (Cádiz),+34 956 332 050,info@gagobarrels.com,https://gagobarrels.com/visitanos/,36.6841143,-6.1314227,https://www.facebook.com/profile.php?id=100094517224402 | https://www.instagram.com/gagocobarrels_wines/,Visitas guiadas | Catas de vinos | Experiencias enoturísticas | Eventos privados | Tienda | Tabanco Los Monos,https://rutadelvinojerez.es/empresas-y-servicios/gago-co-barrels-wines,gago-co-barrels-wines,
Bodega Mar 7,Sanlúcar de Barrameda,"Calle Mar, 9, 11540 Sanlúcar de Barrameda",+34 676 179 130,,http://despachodevinosmar7.com/,36.678025876324,-6.1207399741455,,Catas | Maridajes,https://rutadelvinojerez.es/empresas-y-servicios/mar-7,mar-7,"Bodega MAR 7 – 1840 es un proyecto que se puso en marcha en agosto de 2014 con el objetivo de homenajear a sus antepasados bodegueros, ofrecer una selección de vinos de calidad de la zona, crear cultura del vino mediante la realización de pequeñas catas, degustaciones, maridajes… y ofrecer otros productos exclusivos. Para ello, adquirieron botas, soleras y vinos, con la finalidad de constituir una pequeña y modesta bodega en el centro de Sanlúcar, en un entorno único y privilegiado como es la Casa Matriz de la Bodega Familiar (S.XIX), donde sus vinos adquieren una características únicas y diferenciadoras, gracias a las especiales condiciones microclimáticas que se dan. Además, sus altos techos de vigas de madera y amplios muros constituyen un lugar idóneo para la crianza de vinos biológicos (bajo “Velo de Flor”). Bajo la marca MAR 7 se embotellan unos vinos seleccionados cuidadosamente de entre los mejores del Marco. Unos vinos únicos en el mundo, amparados por las DO Jerez-Xérès-Sherry y Manzanilla- Sanlúcar de Barrameda, con una imagen muy innovadora basada en tres principios; el entorno, la tipografía y la gama cromática que va del color arena al color azul profundo del mar."
"Bodega, Viña Y Casa Rural Santa Petronila",Jerez de la Frontera,"Carretera del Calvario, km. 3,5, Jerez de la Frontera",+34 669 750 888,,https://santapetronila.com/,36.72415356904,-6.198054660653,https://www.facebook.com/vinasantapetronila/ | https://www.instagram.com/crsantapetronila/?hl=es,"Alojamiento entre Viñedos | Celebraciones, bodas y reuniones de empresas | Paquetes de Enoturismo | Turismo activo",https://rutadelvinojerez.es/empresas-y-servicios/casa-rural-santa-petronila-y-bodega,casa-rural-santa-petronila-y-bodega,"El Cortijo Viña Santa Petronila (1727), se ubica en medio del Jerez Superior, la mejor zona vinícola del Marco de Jerez. Totalmente rodeada de viñedos, es el sitio perfecto para un grupo de amigos, una familia o una reunión de empresa, para disfrutar de unos días de convivencia, celebración o de relax y tranquilidad. El cortijo está situado a 4 km. de Jerez centro y el Centro Comercial Área Sur, y a 15-20 km. de las playas del Puerto de Santa María y Sanlúcar de Barrameda. La Casa Viña fue reformada en 2007-2010 y cuenta con todas las comodidades del siglo XXI: calefacción por suelo radiante, cocina moderna y una piscina con agua salada. Dispone de 30 plazas y un total de 14 habitaciones. Además, cuenta con porches, jardín, Barbacoa y zona de aparcamiento."
Bodegas Ac Wines & Spirits – Sucesores...,Sanlúcar de Barrameda,Siete Revueltas 14 y Fariñas S/N 11540 Sanlúcar de Barrameda (Cádiz),+34 630 72 87 53,administrador@acwines.es,https://acwines.es/,36.780084474256,-6.3495787000868,https://www.instagram.com/ac_wines_spirits/?hl=es,Visitas guiadas con degustación de vinos y aperitivos | Catas de vinos | Tienda de vinos,https://rutadelvinojerez.es/empresas-y-servicios/bodegas-ac-wines-spirits-sucesores-de-g-de-angulo,bodegas-ac-wines-spirits-sucesores-de-g-de-angulo,"El casco bodeguero, construido en 1855, se encuentra entre la calle Fariñas y la plaza de las Siete Revueltas, un lugar privilegiado para la crianza de manzanillas. Situado en la parte más antigua del Barrio Bajo de Sanlúcar de Barrameda, justo al pie de su “barranca”, este casco se ubica en el corazón del histórico eje bodeguero Regina-Fariñas / Carmen Viejo-Alcoba / Bolsa-Trasbolsa. El edificio se conserva exactamente igual que en el siglo XIX, con losa de Tarifa en sus calles y albero en sus suelos. Las centenarias botas reposan sobre bajetes de piedra ostionera y están protegidas por altos techos de madera, que contribuyen a mantener una temperatura estable durante todo el año. Las características de la bodega y su especial ubicación permiten un desarrollo óptimo del velo de flor, logrando una crianza biológica perpetua que mantiene su vigor incluso en los días más calurosos del verano y en los más fríos del invierno. Esto confiere a los vinos una calidad única. Todos los vinos son criados y envejecidos artesanalmente en botas centenarias de roble americano, siguiendo los antiguos procedimientos bodegueros de Sanlúcar. Los vinos son trasegados «a jarra y canoa», sacados a mano y embotellados en rama, «de la bota a la botella». Estos vinos naturales no han sido sometidos a tratamientos ni procedimientos industriales, lo que permite disfrutarlos en toda su dimensión. Constituyen una verdadera vuelta a las sensaciones de antaño."
Bodegas Altanza,Jerez de la Frontera,"Calle Asta 2, Jerez de la Frontera",+34 644 793 915,,https://galeriadeljerez.com/,36.6900425,-6.1436726,https://www.facebook.com/GaleriadelJerez-104239348044069 | https://www.instagram.com/galeriadeljerez/,Visita guiada bodega y museo | Museo del Vino de Jerez | Sherry & Flamenco | Visitas nocturnas | Jerez y los 5 Sentidos | Brindis al Jerez | Cata a la Flamenca,https://rutadelvinojerez.es/empresas-y-servicios/bodegas-altanza,bodegas-altanza,"Bodegas Altanza se instaló en el Marco de Jerez en 2019, de la mano de Roberto Amillo, en unas bodegas centenarias rehabilitadas ubicadas en pleno Barrio de Santiago, en Jerez de la Frontera. Fieles a su compromiso con la calidad y la tradición, en Bodegas Altanza se elaboran vinos, brandies y vermuts de primer nivel. Sus instalaciones están compuestas por dos naves, entre las que se ubica un patio central. En una de ellas descansan los vinos de Bodegas Altanza marca “Colección Roberto Amillo”. Se trata de un lugar idílico para la organización de todo tipo de eventos, especialmente eventos empresariales. En la otra nave se encuentra la colección más grande del mundo sobre objetos del vino y brandy de Jerez, que abarca fototeca, archivos, publicidad, filmoteca, etiquetas, entre muchos más."
Bodegas Barbadillo,Sanlúcar de Barrameda,"Calle Luis Eguilaz, 11, Sanlúcar de Barrameda",+34 667 493 307,,https://www.barbadillo.com/,36.7766384,-6.3497652,https://twitter.com/barbadillo | https://www.facebook.com/bodegas.barbadillo | https://www.instagram.com/bodegasbarbadillo/ | https://www.youtube.com/user/BarbadilloCo,Museo de la Manzanilla | Tienda de vinos | Visitas guiadas a bodegas | Catas de vinos | Eventos,https://rutadelvinojerez.es/empresas-y-servicios/bodegas-barbadillo,bodegas-barbadillo,"Fundada en 1821 en Sanlúcar de Barrameda y con seis generaciones de experiencia, Bodegas Barbadillo cumple una tradición centenaria como bodega 100% familiar productora de las denominaciones, Jerez-Xeres-Sherry, Brandy de Jerez, Vinagre de Jerez, Vinos de la Tierra de Cádiz y D.O. Manzanilla-Sanlúcar de Barrameda. Desde su fundación Barbadillo no ha dejado de evolucionar, buscando siempre vinos que sorprendan y dejen huella. Propietaria de más de 500 hectáreas de viñedos, 16 bodegas de crianza en Sanlúcar de Barrameda y una planta de vinificación de uvas blancas y tintas, Bodegas Barbadillo es una de las mayores bodegas del Marco de Jerez. La bodega controla todos los procesos desde la viña, crianza, embotellado y distribución. Actualmente ostenta las certificaciones de Calidad ISO 9.001, 14.001 y Etiqueta Medio Ambiental Doñana 21. Asimismo, en 2002 se inauguró el Museo Barbadillo de la Manzanilla, abriendo al público su riquísimo y centenario patrimonio bodeguero, uno de los más importantes de España."
Bodegas Barón,Sanlúcar de Barrameda,"Calle Molinillo 2ª, 2, 11540 Sanlúcar de Barrameda (Cádiz)",+34 627 73 25 01,jose@baronsherryvip.com,https://bodegasbaron.es/,36.7733302,-6.3559774,https://twitter.com/BodegasBaron | https://www.facebook.com/BodegasBaronSa | https://www.instagram.com/bodegasbaron/ | https://www.youtube.com/channel/UChOBCS3k_bv6h6lt8ANNo_g,Visita guiada con cata de vinos y tapas | Tienda de vinos | Espacios para eventos,https://rutadelvinojerez.es/empresas-y-servicios/bodegas-baron,bodegas-baron,"Las Bodegas Barón están ubicadas en el barrio alto de Sanlúcar de Barrameda, frente a la desembocadura del río Guadalquivir, expuestas a la brisa marina del Atlántico. La bodega la forman varias naves de criaderas y soleras, en las que elaboran la Manzanilla y el Fino, en la variedad de vinos bajo velo de flor, y el Oloroso, Amontillado, Cream, Moscatel, Pedro Ximénez y Medium, en la variedad de vinos de crianza oxidativa, lo que da vida a las marcas de Pino Viejo, Micaela, Atalaya, Barón, Xixarito y Soluqua. Sus naves centrales datan de 1631 y continúan albergando las antiquísimas soleras de D. Anselmo Paz. La penumbra de sus bodegas es más recia y más íntima, la humedad de sus suelos es constante, los rociados son de poca cantidad pero frecuentes, todo ello unido al envejecido en sus botas de roble americano, hacen de estos vinos un lujo al paladar. Las visitas guiadas en bodega con cata de vinos son un camino lleno de momentos sensoriales y culturales que hacen que conectes con la tierra, la cultura e incluso la historia detrás de cada copa de vino. Si tienes curiosidad de saber qué se siente, no dudes en vivir esta experiencia de la mano de Bodegas Barón."
Bodegas Caydsa,Sanlúcar de Barrameda,Calle Puerto 21,+34 956 332 050,visitasbodegascaydsa@gmail.com,https://www.caydsa.es/cooperativa-caydsa-visitas/,36.7718692,-6.3536289,https://www.instagram.com/bodegascaydsa/,Visita guiada | Cata de vinos | Eventos,https://rutadelvinojerez.es/empresas-y-servicios/bodegas-caydsa,bodegas-caydsa,"Bodegas CAYDSA es una invitación a descubrir el alma más auténtica de Sanlúcar de Barrameda. Situada en el emblemático Barrio Alto y con cerca de dos siglos de historia, esta bodega centenaria permite adentrarse en un universo donde la tradición, el arraigo al viñedo y la identidad sanluqueña se sienten en cada rincón. Su origen cooperativo refleja, además, el esfuerzo compartido de generaciones de viticultores que han sabido preservar la esencia de un territorio único. Visitar CAYDSA es acercarse a la cultura del vino desde la emoción, la memoria y el paisaje. Entre botas, aromas y silencio bodeguero, el visitante conecta con la historia viva de Sanlúcar y con unos vinos que nacen del vínculo profundo entre la tierra, la brisa atlántica y el saber hacer de quienes han convertido este legado en parte de su vida. Una experiencia para saborear el tiempo, comprender el valor de lo auténtico y dejarse llevar por el carácter inconfundible del Marco de Jerez."
Bodegas Cayetano Del Pino,Jerez de la Frontera,"Plaza Silos 3, Jerez de la Frontera",+34 676 70 79 13,reservas@cayetanodelpino.com,https://cayetanodelpino.com/visitas,36.6786969,-6.1396926,https://twitter.com/CayetanodelPino | https://www.facebook.com/bodegascayetanodelpino | https://www.instagram.com/cayetanodelpino/,Visita guiada a bodega y cata de vinos | Tienda de vinos y souvenirs,https://rutadelvinojerez.es/empresas-y-servicios/bodegas-cayetano-del-pino,bodegas-cayetano-del-pino,"Cayetano del Pino y Cía. es una bodega de Jerez fundada en 1886. Una compañía bodeguera que a lo largo de su historia ha aunado la tradición y a la innovación. Su situación céntrica en la collación del jerezano barrio de San Miguel y su pequeño casco datado de mediados del siglo XIX, hacen de Cayetano del Pino un rincón imprescindible para los amantes del enoturismo jerezano. De la misma manera, sus vinos de calidad superior son el resultado de años de crianza y redondez en sus soleras añejas de roble americano."
Bodegas Cortijo De Jara,Jerez de la Frontera,"Carretera 4011 Km 5,2 (Carretera de Gibalbín), Jerez de la Frontera",+34 956 338 163,,https://cortijodejara.es/,36.853580212156,-6.0658558266171,https://www.facebook.com/cortijodejara | https://www.instagram.com/cortijodejara,Visita a bodega | Tienda de vinos (calle Medina) | Eventos | Aparcamiento privado (finca),https://rutadelvinojerez.es/empresas-y-servicios/bodegas-cortijo-de-jara,bodegas-cortijo-de-jara,"Cortijo de Jara es la marca bajo la que se comercializan los productos de una familia dedicada a la agricultura tradicional, que quiere acercarse a los consumidores con productos sanos y naturales. La vid y el olivo ocupan una buena extensión de la finca Jara. Del cortijo mencionado en tiempos de Alfonso X como Xara, y su construcción propia de su agricultura, se ha intentado mantener la estructura fundamental, sin más añadidos que los necesarios para su nuevo destino. Las variedades escogidas para la siembra del viñedo (Tempranillo, Merlot y Syrah) dan una calidad excepcional, sin estar sometidas a los bruscos cambios de clima, siendo la calidad de sus producciones muy uniforme. Sus cosechas están en producción integrada, sometidas a un intenso control en el uso de pesticidas. Los tintos están certificados con la Indicación Geográfica Vinos de la Tierra de Cádiz. Los blancos, con variedades Gewurztraminer unen calidad y originalidad. La existencia de 110 hectáreas de olivar y la posibilidad de catar su propio aceite son un aliciente más para su visita. Además, cuenta con una tienda en la Calle Medina donde poder probar y comprar sus productos."
Bodegas Delgado Zuleta,Sanlúcar de Barrameda,"Avenida Rocío Jurado s/n, Sanlúcar de Barrameda",+34 956 332 050,visitas@delgadozuleta.com,https://www.delgadozuleta.com/,36.768330091549,-6.3589648894878,https://twitter.com/delgadozuleta | https://www.facebook.com/DelgadoZuleta | https://www.instagram.com/delgadozuleta | https://www.youtube.com/user/DelgadoZuleta,Visita a bodega,https://rutadelvinojerez.es/empresas-y-servicios/bodegas-delgado-zuleta,bodegas-delgado-zuleta,"Delgado Zuleta es una de las bodegas más antiguas del Marco de Jerez. Fundada en 1744 por Don Francisco Gil de Ledesma, se sitúa en Sanlúcar de Barrameda, entorno de Doñana. Sus prestigiosas Manzanillas, entre ellas las afamadas La Goya y Barbiana, se crían con la influencia del Río Guadalquivir, las Marismas y el Océano, que conforman un microclima adecuado. Llena de tradición y cultura, Bodega Delgado Zuleta se alza majestuosa ante un jardín de viñedos para deleite de sus visitantes, donde conocerán de primera mano la viticultura del Marco de Jerez. En el recorrido por la bodega, el visitante conoce en extensión la producción de los vinos del Marco de Jerez en general y de la Manzanilla en particular, conociendo sus mejores rincones. Además, con su Centro de Interpretación del Vino, único en la región, Delgado Zuleta abre sus puertas a un nuevo concepto de visita bodeguera, donde el vino puede disfrutarse con todos los sentidos."
Bodegas Dios Baco,Jerez de la Frontera,"Calle Huerta Pintada s/n. 11402, Jerez de la Frontera",+34 956 333 337,,https://bodegasdiosbaco.com/,36.681819854895,-6.1295082741453,https://es-es.facebook.com/bodegasdiosbaco | https://www.instagram.com/bodegasdiosbaco_spain/,"Visita guiada con cata de 5 sherrys | Vinos y tapas en el tabanco de Baco | Visita a viñedo | Celebración de eventos | Para grupos y eventos, siempre bajo reserva: Visitar un viñedo con cata de tintos de la tierra. Almuerzo o cena maridaje con guiso típico de la tierra. Espectáculos como flamenco o relacionados con el carnaval. Talleres de actividades típicas bodegueras como venenciar o en jornada de vendimia se hacen elaboraciones artesanas de vino incluyendo la pisada de la uva. Seminarios y talleres de cocina con Vino de Jerez. Taller de arqueología relacionada con el Vino de Jerez. Visitar una ganadería de toros bravos/caballos andaluces. | Visitar un viñedo con cata de tintos de la tierra. | Almuerzo o cena maridaje con guiso típico de la tierra. | Espectáculos como flamenco o relacionados con el carnaval. | Talleres de actividades típicas bodegueras como venenciar o en jornada de vendimia se hacen elaboraciones artesanas de vino incluyendo la pisada de la uva. | Seminarios y talleres de cocina con Vino de Jerez. | Taller de arqueología relacionada con el Vino de Jerez. | Visitar una ganadería de toros bravos/caballos andaluces.",https://rutadelvinojerez.es/empresas-y-servicios/bodegas-dios-baco,bodegas-dios-baco,"Los orígenes de la Bodega se remontan al año 1765. A principios del siglo XX, se fundó la mítica firma Palomino & Vergara, por los señores jerezanos Don Juan Vergara y Don Juan Palomino. En 1992 Don José Páez Morilla, actual propietario de las bodegas, adquiere la firma y crea Bodegas Dios Baco, S.L. con la intención de introducirse en el difícil mundo del Jerez con sus productos de una inmejorable calidad, producción limitada y volviendo a los orígenes de su fundación. Las bodegas formaban parte de un complejo de doce bodegas llamado “Los Doce Discípulos” por ser el mismo número de Apóstoles de Cristo. En la actualidad, sólo quedan tres cascos de Bodegas: Bodega de Baco, Bodega de la Cruz y Bodega de extracción. Dentro de las instalaciones de la Bodega Dios Baco se encuentra un tabanco típico jerezano con vino a granel, un salón para eventos con capacidad para 150 personas, varios salones para reuniones o eventos…"
Bodegas Díez Mérito,Jerez de la Frontera,"Calle Diego Fernández de Herrera, 4, Jerez de la Frontera",+34 956 332 973,,https://diezmerito.com/,36.6807159,-6.1323771,https://twitter.com/DiezMerito | https://www.facebook.com/Di%C3%A9z-M%C3%A9rito-208575919224840/?fref=ts | https://www.instagram.com/bodegadiezmerito/,Visita a bodega y degustación de 5 vinos | Visita a bodega y tapas | 200 años de historia en tu copa,https://rutadelvinojerez.es/empresas-y-servicios/bodegas-diez-merito,bodegas-diez-merito,"La historia de la Bodega Díez Mérito nace hace doscientos años y transcurre paralela a la propia historia de los vinos y brandys jerezanos. Esta casa vinatera conserva uno de los cascos más emblemáticos de Jerez, Bodega Bertemati, edificio majestuoso de 1730 que debe su nombre a uno de sus primeros dueños el Marqués de Misa. Su magnífica ubicación en el centro de Jerez, su estructura abovedada y sus espléndidos arcos constituyen un marco inigualable para el envejecimiento de sus exquisitos vinos y brandys. Durante la visita a la bodega se disfrutará de un recorrido por sus patios, jardines y estancias donde sumergirse en la historia de la crianza y envejecimiento de los vinos y brandys de Jerez. Allí se podrá oler y sentir la fuerza de uno de los vinos más antiguos del mundo, el prestigioso Fino Imperial cuya solera y criaderas datan de 1876. Además, la Bodega dispone de varias estancias para la celebración de todo tipo de eventos: presentaciones de productos, banquetes, cenas de gala, conferencias, etc. También dispone de dos patios de diferentes capacidades, un salón abovedado con capacidad para 300 personas, una sacristía y jardines de estilo francés."
Bodegas Espinosa De Los Monteros,Jerez de la Frontera,"Calle Einstein F2, 11407, Jerez de la Frontera",+34 956 300 503,,https://www.bodegasespinosadelosmonteros.com/,36.7108209,-6.1189881,https://www.instagram.com/bgas_espinosa_de_los_monteros/,Despacho de vinos | Eventos y celebraciones | Catas guiadas,https://rutadelvinojerez.es/empresas-y-servicios/bodegas-espinosa-de-los-monteros,bodegas-espinosa-de-los-monteros,"En Bodegas Espinosa de los Monteros se combinan vinos y guitarras, artes que conforman una simbiosis única en el mundo. Su objetivo no es otro que acercar y compartir sus vinos con vida propia a aquellas personas que buscan conocer de primera mano los vinos de Jerez con alma propia… Los visitantes podrán descubrir mediante clases magistrales el proceso de crianza y envejecimiento de Jerez, degustando una cata guiada de vinos extraídos directamente de la bota de forma amena con la que experimentar la bodega con los cincos sentidos."
Bodegas Forlong,El Puerto de Santa María,"Carretera de Jerez-Rota Km 6, 11500 El Puerto de Santa María",+34 648 124 443,,https://bodegadeforlong.com/,36.66313375497,-6.2575028606552,https://twitter.com/bodegadeforlong | https://www.facebook.com/forlongwine | https://www.instagram.com/forlongwine/,"Visita a bodega con cata de 3 vinos (1,5h de duración)",https://rutadelvinojerez.es/empresas-y-servicios/bodegas-forlong,bodegas-forlong,"Bodegas Forlong tiene sus instalaciones en el Puerto de Santa María, en una finca conocida como El Olivar de Forlón. Alejandro y Rocío tomaron el nombre y le añadieron la letra “g” al final. Querían con ello expresar que la iniciativa que emprendían era con el ánimo de que perdurase en el futuro: “for a long time” (“para un largo tiempo”). Junto a la bodega tienen una parcela con uva Palomino y Pedro Ximénez de una hectárea. Junto a la misma cuentan con 2,6 hectáreas de la variedad autóctona Tintilla de Rota. Los suelos son de Albariza, los de mejor calidad de esta zona. En Bodegas Forlong se practica una viticultura ecológica y cuenta con el certificado del Comité de Agricultura Ecológica tanto por el viñedo como por la elaboración posterior. No se lleva la biodinámica a rajatabla, aunque se utilizan algunos de los peculiares preparados de esta curiosa forma de concebir el trabajo en la viña. Sólo se emplean levaduras autóctonas. El proyecto de Bodegas Forlong es renovador, es un soplo de aire fresco en la atmósfera de los vinos gaditanos. Ese carácter se refleja en las propias etiquetas, todas ellas con atractivos diseños que dan un aire de juventud que tanto necesita el mundo del vino."
Bodegas Fundador,Jerez de la Frontera,"Calle Puerta de Rota s/n, 11408, Jerez de la Frontera",+34 956 151 552,,https://brandyfundador.com/,36.682972936414,-6.1457481183272,https://es-es.facebook.com/BodegasFundador/ | https://www.instagram.com/brandyfundador_es/ | https://www.tiktok.com/@brandyfundador,Visita especial a la Bodega La Mezquita con degustación de vinos y brandies | Visita “Pasión por el chocolate” | Visita con degustación y tapas | Visita y menú maridaje,https://rutadelvinojerez.es/empresas-y-servicios/bodegas-fundador,bodegas-fundador,"Visitar y recorrer algunas de las Bodegas más antiguas del marco de Jerez es una experiencia única. El marco arquitectónico, la armonía de sus edificaciones, sus jardines, patios y su entorno invita a retroceder en el tiempo y sumergirse en el romanticismo del Jerez del siglo XVIII. En el marco de Jerez, bodegas Fundador fueron fundadas en 1730, y forman parte de la Compañía Nº 1 de Brandies en el Mundo, Grupo Emperador. En el año 2005 fueron reconocidas por la International Wine and Spirits Competition como la Mejor Bodega del Año. Dentro del amplio portafolio de marcas y vinos de brandies de Jerez elaboradas en estas Bodegas, destaca Harveys, vino de Jerez más vendido en el mundo y de los más premiados a nivel internacional, Fundador, marca de Brandy más internacional y la gama de Brandies de Terry, los más afamados del mercado nacional. En Bodegas Fundador todo está preparado con protocolos garantizados para el disfrute de la visita. Para completar la experiencia, dispone de un restaurante dentro de las Bodegas, donde maridar su moderna gastronomía con las mejores marcas de Brandy y Vino, así como su amplia coctelería. SELLO VERDE ‘TURISMO ACCESIBLE’ (2024). Cumple entre el 55% y el 90% de los indicadores de accesibilidad, tanto básicos como específicos, incluyendo aquellos de obligatorio cumplimiento. Sello otorgado por la Cátedra de Turismo Inclusivo y Accesible de la Universidad de Cádiz. Proyecto financiado por la Diputación de Cádiz."
Bodegas González Byass – Tío Pepe,Jerez de la Frontera,"Calle Manuel Mª González, 12, Jerez de la Frontera",+34 956 357 000,,https://www.tiopepe.com/es-es/validate,36.6812828,-6.1412532,http://instagram.com/bodegastiopepe | https://twitter.com/bodegastiopepe | https://www.facebook.com/tiopepe | https://www.youtube.com/channel/UCHGWJKsncjdoXrdd19PXGaw/featured,Visita a bodega con degustación de vinos | Catas | Visita Deluxe,https://rutadelvinojerez.es/empresas-y-servicios/bodegas-gonzalez-byass-tio-pepe,bodegas-gonzalez-byass-tio-pepe,"Las Bodegas Tío Pepe cuentan con un Conjunto Monumental de Bodegas, Patios y Calles interiores que datan de 1835, además de jardines catalogados de Históricos. Este conjunto se encuentra enclavado junto al Alcázar de Jerez, en el centro de la ciudad. Durante la visita a la bodega, además de aprender el proceso de elaboración y envejecimiento del Brandy y vino de Jerez, se contemplan bodegas con diferente arquitectura, impresionantes patios y calles interiores emparradas. Además, se conoce la historia de D. Manuel Mª González Ángel, Fundador de las Bodegas González Byass y del famoso Tío Pepe. La primera parte de la visita, la “Ruta del Brandy”, se realiza en un cómodo trenecito y comienza la visita en la Real Bodega de La Concha, diseñada por Gustavo Eiffel para después llegar a la Viña San Manuel, el único viñedo jerezano en el interior de la Bodega. La visita incluye las Bodegas del Brandy, la antigua tonelería y la Gran Bodega del Tío Pepe, coronada por la Gran Veleta Tío Pepe, las más grande del mundo según el libro Guinness de los récords. La “Ruta del Vino” comienza por la Bodega de La Cuadrada y nos lleva a los cascos bodegueros más antiguos, la Bodega de Los Apóstoles, donde se admirarán botas de 12.000 litros de capacidad y la bota conocida como “el Cristo” de 33.000 litros de vino. Cruzando la emparrada Calle Unión se llegará a las Bodegas La Constancia y Bodega Los Reyes, que datan del 1857 y reúnen todo un museo de botas firmadas de visitas ilustres que se han recibido durante toda la historia de González Byass. Horarios y tarifas: www.tiopepe.com *Hotel Bodega Tío Pepe, Premio al «Mejor alojamiento enoturístico» en los VI Premios de Enoturismo de Rutas del Vino de España."
Bodegas Gutiérrez Colosía,El Puerto de Santa María,"Avenida Bajamar, 40, El Puerto de Santa María",+34 956 852 852,,http://www.gutierrezcolosia.com/,36.5924475,-6.22854,https://es-es.facebook.com/gutierrezcolosia/ | https://instagram.com/gutierrezcolosia,"Visitas a la bodega con degustación de 6 vinos: Fino, Amontillado, Oloroso, Cream, Moscatel y Pedro Ximénez | Despacho de vinos",https://rutadelvinojerez.es/empresas-y-servicios/bodegas-gutierrez-colosia,bodegas-gutierrez-colosia,"Gutiérrez Colosía es una bodega familiar que se fundó en 1838. Hasta no hace mucho fue una bodega Almacenista, elaboraba vinos DO Jerez, pero no podía venderlos embotellados, por lo que los vendía a otras bodegas. No es hasta 1998 cuando se deciden a comercializar sus propios vinos. Es entonces cuando empiezan a conquistar paladares exigentes. La bodega se encuentra situada en la margen izquierda del río Guadalete, lo cual aporta a la bodega y a sus vinos un carácter inimitable. En la visita a la bodega los visitantes podrán descubrir la elaboración de su amplia gama de vinos DO Jerez, además de una gama de vinos Solera Familiar con más de 40 años, pues nadie sabe con exactitud cuando se empezaron a envejecer estos vinos. Durante la visita se podrá observar la relación de esta bodega con el mundo marinero y sus brandies: Brandy Solera Reserva Americo Vespucci y Brandy Solera Gran Reserva Juan Sebastian Elcano. A todo este abanico de sabores y posibilidades de maridaje no le falta uno de los productos imprescindibles en la cocina, el Vinagre de Jerez. Gutierrez Colosía, con su carácter familiar, es una bodega que no dejará indiferente a nadie."
Bodegas Halcón,Lebrija,"Calle Adán y Eva 4, 41740 Lebrija – Sevilla",+34 616 671 212,,https://www.bodegashalcon.es/,36.9201885,-6.0806244,https://twitter.com/BodegasHalcon | https://www.facebook.com/bodegashalconoficial/ | https://www.instagram.com/bodegas_halcon/,Visita a bodega | Despacho de vinos | Degustación de vinos,https://rutadelvinojerez.es/empresas-y-servicios/bodegas-halcon,bodegas-halcon,"Bodegas Halcón (antes Bodegas Marqués de San Gil), está estratégicamente situada en el núcleo histórico de Lebrija, limitando su extensa superficie con el trazado de la muralla almohade, con la monumental iglesia de Santa María de la Oliva y con vistas a la plaza de América. Aunque las primeras referencias de esta Casa-Bodega son del siglo XVIII, es a mediados del siglo XIX cuando se reforman los cascos bodegueros adquiriendo la configuración actual. En esta bodega con orientación hacía Sanlúcar de Barrameda, muy próxima al Coto de Doñana, es donde se crían durante largo tiempo los vinos: Finos, Amontillados, Olorosos, Creams y vinos dulces de alta graduación, siguiendo procesos de crianza biológica y crianza oxidativa, en el sistema de criaderas y soleras. Algunas de sus principales marcas son Amontillado Bigotillo, Cream Conchita o Fino El Marqués. En Bodegas Halcón se disfruta de la historia, de patios andaluces y preciosos jardines, cuyas esencias se enredan con los profundos y centenarios aromas de la bodega. Tradición e historia se funden en sus viejas botas, educan al vino joven y lo convierten, a través del tiempo, en vinos generosos de una extraordinaria calidad."
Bodegas Herederos De Argüeso,Sanlúcar de Barrameda,"Calle Mar, 8, Sanlúcar de Barrameda",+34 956 332 050,,https://herederosdeargueso.com/,36.7806526,-6.3510675,https://es-es.facebook.com/bodegasargueso/ | https://twitter.com/bodegasargueso | https://www.instagram.com/bodegasargueso/,Visitas guiadas | Visitas Vinos 1822 | Degustación con aperitivos | Visita nocturna “Entre luces” | Experiencia biológica “La Manzanilla”,https://rutadelvinojerez.es/empresas-y-servicios/bodegas-herederos-de-argueso,bodegas-herederos-de-argueso,"Hablar de Bodegas Argüeso es hablar de Manzanilla de Sanlúcar. Fundada en 1822 por D. León de Argüeso y Argüeso con vinos y vasijas de antiguas bodegas, la vejez de las soleras se estima en más de 250 años. Entre sus bodegas destacan la Sacristía y el Refectorio, construidas en el S. XVI y catalogadas por Cultura junto al convento de Santo Domingo, en el Barrio Bajo de Sanlúcar. En Argüeso se mantiene el sistema casi artesanal de Sanlúcar en la crianza de Manzanilla y vinos de Jerez, conservando tradiciones como la medida en jarra en el trabajo a pie de bota en bodega. En 2016 el empresario y bodeguero sanluqueño Francisco Yuste compra Herederos de Argüeso, S.A. con la intención de mantener y poner en valor su enorme patrimonio vinícola, donde destacan marcas como Las Medallas, Manzanilla San León, Reserva de Familia y el Amontillado Viejo de Argüeso, procedente de las soleras fundacionales. Su variada oferta enoturística está pensada para todos los públicos, siendo sus instalaciones totalmente accesibles."
Bodegas Hidalgo – La Gitana,Sanlúcar de Barrameda,"Calle de la Banda de la Playa, 42, Sanlúcar de Barrameda",+34 669 743 992,,http://www.bodegashidalgolagitana.com/,36.780338083739,-6.355820460651,https://www.facebook.com/bodegalagitana | https://www.instagram.com/bodegashidalgolagitana/ | https://www.youtube.com/watch?v=50sfUW00lb8,Visita a bodega | Visitas nocturnas | Atardecer en la viña | Vinos venenciados de la bota a la copa | Visita a viñedos y degustación | Catas de vinos | Comida en Restaurante Entrebotas,https://rutadelvinojerez.es/empresas-y-servicios/bodegas-hidalgo-la-gitana,bodegas-hidalgo-la-gitana,"Hidalgo-La Gitana, se fundó en 1792 y en la actualidad, continúa siendo 100% familiar e independiente. La familia Hidalgo lleva más de 200 años criando, elaborando-envejeciendo y comercializando vinos, brandies, licores y vinagres de las Denominaciones de Origen, Jerez-Xèréz-Sherry, Manzanilla de Sanlúcar de Barrameda, Vinagre de Jerez y Brandy de Jerez. Su situación en la ciudad de Sanlúcar de Barrameda, a 300 metros del mar, hace que la crianza sea óptima para la Manzanilla La Gitana, su marca “estrella” y de los vinos del Marco de Jerez. Ya en el siglo XIX, los vinos de Hidalgo ganaban premios en concursos internacionales, y hoy como en el pasado, el énfasis está en la calidad y respeto al medio ambiente. Para la elaboración de los vinos se utilizan las uvas 100% Palomino Fino plantadas en sus propios viñedos en suelos de albarizas. Se continúa con los métodos tradicionales de crianza y envejecimiento de los vinos mediante el sistema de soleras y criaderas. En Bodegas Hidalgo-La Gitana se puede disfrutar de una visita guiada con cata de sus productos y la posibilidad de comprar su Manzanilla La Gitana y toda su gama de Vinos de Jerez, así como de una comida en bodega en el Restaurante Entrebotas."
Bodegas Luis Pérez,Jerez de la Frontera,"Carretera del Calvario km 0, Hijuela de Rompeserones, Jerez de la Frontera",+34 956 031 193,,http://bodegasluisperez.com/,36.703405013174,-6.1704256164719,https://twitter.com/luisperezwinery?lang=es | https://www.facebook.com/luisperezbodegas/ | https://www.instagram.com/bodegasluisperez/,Visitas a bodega | Visitas a bodega con degustación de vinos | Visitas a bodega con tapas | Parking privado | Acceso para personas con movilidad reducida,https://rutadelvinojerez.es/empresas-y-servicios/bodegas-luis-perez,bodegas-luis-perez,"En esta bodega familiar, hace más de una década decidieron ir a contracorriente y apostar por la elaboración de vinos tintos de autor en una región dominada por el cultivo de uva blanca. Tras la excelente acogida de sus marcas Garum, Samaruco y Petit Verdot, se han lanzado a conseguir nuevos retos. Ya han desarrollado un vino con crianza submarina en ánfora y han conseguido elaborar vinos de autor con antiguas variedades autóctonas casi extintas como la Tintilla y la Palomino negro. Su finca Vistahermosa, situada en el pago del Corchuelo y con una superficie de 25 hectáreas de viñedo, refleja a la perfección el armonioso equilibrio entre tradición y vanguardia, con un caserío típico jerezano de 1844 que convive con un edificio acristalado y de líneas contemporáneas, acorde con los nuevos conceptos de creación de vinos innovadores en Jerez. Una construcción creada para el enoturismo, diseñada para educar al visitante en la elaboración del vino en todo su proceso, comenzando desde la viña. Además, su pasión por el viñedo los ha llevado a desarrollar un centro de interpretación por el que los visitantes podrán pasear y conocer las 20 variedades más famosas del mundo, descubriendo cómo elaboran sus vinos de la mano de un miembro del equipo."
Bodegas Lustau,Jerez de la Frontera,"Calle Arcos, 53, 11402, Jerez de la Frontera",+34 647 352 507,,https://lustau.es/,36.6841269,-6.1308264,https://twitter.com/BodegasLustau | https://www.facebook.com/BodegasLustau/ | https://www.instagram.com/bodegaslustau/ | https://www.youtube.com/user/LustauSherry,Visitas guiadas con amplia cata de vinos | Catas sentadas comentadas | Atención personalizada,https://rutadelvinojerez.es/empresas-y-servicios/bodegas-lustau,bodegas-lustau,"Emilio Lustau S.A., fundada en 1896 como almacenista de vinos de Jerez en la viña Nuestra señora de la Esperanza, es una de las bodegas más exclusivas que existen en la actualidad en Jerez de la Frontera. Actualmente, su ubicación en Calle Arcos nº53 contiene las soleras donde reposan algunos de los vinos de Jerez más reconocidos por su calidad, tanto a nivel nacional como internacional, y continúan manteniendo su sistema tradicional del saber hacer. La bodega se trata de un complejo arquitectónico del siglo XIX, que alberga 7 cascos de bodegas con estructura catedralicia, donde se envejecen verdaderas joyas enológicas de gran prestigio. Asimismo, dispone de varios espacios donde poder celebrar todo tipo de eventos."
Bodegas Manuel Aragón,Chiclana de la Frontera,"Carretera Cádiz-Málaga, km.12,200, Chiclana de la Frontera",+34 956 400 756,,https://www.bodegamanuelaragon.com/es/,36.382583905253,-6.1162410029922,https://twitter.com/aragonbodega?lang=es | https://www.facebook.com/BodegaManuelAragonSanatorio/?fref=ts | https://www.instagram.com/bodegamanuelaragonchiclana/?hl=es,Visita a bodega con degustación de vinos y embutidos típicos de la zona,https://rutadelvinojerez.es/empresas-y-servicios/bodegas-manuel-aragon,bodegas-manuel-aragon,"Bodega Manuel Aragón S. L. es una bodega familiar que cuenta con un despacho directo al público que recibe el nombre de «El Sanatorio». Asimismo, ofrece catas de sus vinos y degustaciones de los exquisitos embutidos de Chiclana. La elaboración de sus vinos comienza en los viñedos de los pagos más tradicionales de la zona, convencidos de que cada decisión tomada en los viñedos y en la elaboración de vino es importante para la calidad de los vinos que producen."
Bodegas Miguel Domecq – Entrechuelos,Jerez de la Frontera,"Cortijo de Torrecera. Carretera Jerez-La Ina, km 14.5 Torrecera – Jerez",+34 682 539197,visitas@migueldomecq.com,https://migueldomecq.com/,36.591860765789,-5.9483510029849,https://www.facebook.com/Bodegamigueldomecq | https://www.instagram.com/bodegamigueldomecq/,Visitas a bodega con degustación de vinos | Catas comentadas | Espacios para eventos,https://rutadelvinojerez.es/empresas-y-servicios/bodegas-miguel-domecq-entrechuelos,bodegas-miguel-domecq-entrechuelos,"Entrechuelos es una bodega del Grupo familiar Miguel Domecq, ubicada en el Cortijo Torrecera en Jerez de la Frontera. La bodega produce vinos a partir de uvas producidas en su propio viñedo. En el proceso de elaboración de sus vinos tintos y blancos se cuidan especialmente los viñedos desde su plantación y los vinos en todas sus fases de elaboración y crianza. La tierra jerezana y la experiencia de la familia Domecq, comprometida con el vino durante ocho generaciones, proyectando desde 1730 su actividad por todo el mundo, brinda la posibilidad de visitar esta moderna bodega, contemplar sus viñas, la Torre milenaria, una espectacular panorámica y catar sus vinos. Además, cuenta con una sala de catas e instalaciones en la que se celebran catas comentadas y todo tipo de eventos."
Bodegas Osborne,El Puerto de Santa María,"Calle Los Moros 7, 11500, El Puerto de Santa María",+34 956 869 100,,https://www.osborne.es/es/,36.595005,-6.2291303,https://es.linkedin.com/company/grupo-osborne | https://twitter.com/osborne_es | https://www.facebook.com/OsborneExperience?ref=ts&fref=ts | https://www.instagram.com/osborne_oficial | https://www.youtube.com/user/SalaPrensaOsborne,Venta de vinos | Tienda gourmet | Tienda Toro | Catas de vino | Sherry Club | Sala de proyecciones | Comedores | Espacios interiores y exteriores para la celebración de eventos,https://rutadelvinojerez.es/empresas-y-servicios/bodegas-osborne,bodegas-osborne,"Las Bodegas Osborne, pertenecientes a una empresa familiar con más de 200 años de historia, están situadas en El Puerto de Santa María, en el corazón de la ciudad, y junto alguno de los puntos de interés turístico más valorados por los viajeros: la plaza de Toros, la Iglesia Mayor Prioral o la Playa de la Puntilla, perfectos complementos de la visita a las bodegas. El Conjunto Bodeguero está formado por edificios históricos, bodegas catedrales, luminosos patios y unas instalaciones acondicionadas para todo tipo de actividades enoturísticas. Es posible conocer el proceso de elaboración de vinos con más de 30 años de envejecimiento, sus características, el maridaje más correcto y la historia de la compañía todos los días de la semana. Visitas diarias en inglés, alemán y español permiten a los aficionados al mundo gourmet disfrutar de una experiencia única en un entorno cuidado y especialmente diseñado para recibir a público nacional e internacional. Además, cuentan con espacios en interior y exterior para la celebración de eventos de carácter público y privado. SELLO VERDE ‘TURISMO ACCESIBLE’ (2024). Cumple entre el 55% y el 90% de los indicadores de accesibilidad, tanto básicos como específicos, incluyendo aquellos de obligatorio cumplimiento. Sello otorgado por la Cátedra de Turismo Inclusivo y Accesible de la Universidad de Cádiz. Proyecto financiado por la Diputación de Cádiz."
Bodegas Páez Morilla,Jerez de la Frontera,"11406, Jerez de la Frontera (Cádiz)",+34 956 181 717,visitas@paezmorilla.com,https://www.bodegaspaezmorilla.net/visitas,36.6640132,-6.111237,https://www.facebook.com/BodegasPaezMorilla | https://www.instagram.com/bodegaspaezmorilla/?hl=es,Visitas a bodega | Visitas a bodega con degustación de vino | Parking privado | Acceso para personas con movilidad reducida,https://rutadelvinojerez.es/empresas-y-servicios/bodegas-paez-morilla,bodegas-paez-morilla,"Bodega de tradición familiar, cuyo origen fue la pequeña solera de Vinagres de Vino de Jerez desarrollada desde 1910 por Don Francisco Páez Sánchez, base e inspiración para que a partir de 1945 su hijo Don Antonio Páez Lobato fundara esta bodega. Su sello de distinción es «ser pioneros en la crianza y comercialización de Vinagres de Jerez Reserva y Gran Reserva», siendo referentes en calidad de este producto apreciado por las más prestigiosas cocinas del mundo. Además, Bodegas Páez Morilla, desde los años 80, comienza a dedicarse a la creación de vinos atípicos para el Marco de Jerez, como “Tierra Blanca”, un famoso vino blanco andaluz o “Viña Lucía”, que fue el primer vino tinto crianza embotellado en la comarca. Otro atractivo de esta bodega es su dedicación al envinado de botas de Jerez. Bodegas Páez Morilla envina más de 100.000 botas, las cuales cuentan con el distintivo “Sherry Cask”, que son exportadas a sus destilerías de destino para envejecer Whiskys. La visita es una alternativa diferente y una experiencia única para los sentidos. Pasea entre las andanas de botas de la bodega de envinado, descubre cómo se envejece el Vinagre de Jerez, deléitate con las catas de los vinos y vinagres, disfruta de la colección de etiquetas de las bodegas del Marco de Jerez y sorpréndete con la exposición de fotografías de principios del s. XX: Ventanas a un pasado desaparecido. SELLO VERDE ‘TURISMO ACCESIBLE’ (2024). Cumple entre el 55% y el 90% de los indicadores de accesibilidad, tanto básicos como específicos, incluyendo aquellos de obligatorio cumplimiento. Sello otorgado por la Cátedra de Turismo Inclusivo y Accesible de la Universidad de Cádiz. Proyecto financiado por la Diputación de Cádiz."
Bodegas Real Tesoro & Valdespino,Jerez de la Frontera,"Carretera Nacional IV, Km. 640, Jerez de la Frontera",+34 956 321 004,,https://www.grupoestevez.es/instalaciones.cfm,36.687312536723,-6.1544429453088,http://facebook.com/grupoestevez | http://twitter.com/grupoestevez,"Visita a la bodega | Visita a la bodega con degustación de tapas | Visita a la bodega y espectáculo ecuestre | Visitas a la viña y la bodega (para grupos de más de 15 personas) | Catas | Paseo a la Yeguada Real Tesoro y Galería de Arte | Espacios para eventos | Otros servicios para eventos (venenciador, espectáculos ecuestres…) | Parking | Accesible para minusválidos",https://rutadelvinojerez.es/empresas-y-servicios/bodegas-real-tesoro-valdespino,bodegas-real-tesoro-valdespino,"La Bodega José Estévez es una compañía familiar productora y criadora de vinos y brandies de Jerez. Con la compra de la Bodega Marqués del Real Tesoro en 1989 y la adquisición de Valdespino en 1999 y posteriormente Bodegas La Guita en 2007, el Grupo Estévez se convierte en uno de los complejos más importantes. Las bodegas se encuentran perfectamente adaptadas al enoturismo, contando con un amplio catálogo de experiencias singulares con las que acercar al visitante al apasionante mundo del vino de Jerez."
Bodegas Rey Fernando De Castilla,Jerez de la Frontera,"Calle Jardinillo, 7-11, Jerez de la Frontera",+34 956 182 454,,http://fernandodecastilla.es/,36.689303633159,-6.1431979606542,https://www.facebook.com/BodegasFernandodeCastilla/ | https://www.instagram.com/bodegasfernandodecastilla/,Visitas a bodega con degustación de productos propios | Venta de vino | Organización de eventos privados,https://rutadelvinojerez.es/empresas-y-servicios/bodegas-rey-fernando-de-castilla,bodegas-rey-fernando-de-castilla,"En las Bodegas Rey Fernando de Castilla, situadas en el casco histórico de Jerez, se almacenan verdaderos tesoros de esta famosa región vinícola. Los brandies de la casa, de una suavidad y armonía perfectas, se elaboran con destilados de vinos blancos seleccionados, que inician su proceso de envejecimiento en barricas nuevas de roble francés y americano y lo completan durante un largo periodo en barricas que previamente han contenido vinos de Jerez de gran calidad. Bodegas Rey Fernando de Castilla únicamente produce brandies de las más altas categorías, amparados por el Consejo Regulador del Brandy de Jerez, del que es socio fundador. La gama de vinos de Jerez presenta los más selectos caldos de la zona, desde los finos más pálidos, secos y elegantes, hasta los vinos de sacristía más singulares. En los últimos años sus vinos han recibido las más altas distinciones nacionales e internacionales. La colección se completa con sus viejísimos vinagres de Jerez, embotellados en cantidades muy limitadas para garantizar una calidad inigualable. La vocación de Bodegas Rey Fernando de Castilla siempre ha sido la de ofrecer los productos más selectos de Jerez."
Bodegas Tradición,Jerez de la Frontera,"Calle Cordobeses, 3, Jerez de la Frontera",+34 956 168 628,,https://bodegastradicion.es/es/,36.6856636,-6.1462366,https://twitter.com/bodgastradicion | https://vimeo.com/350983800/3528eb56a5 | https://www.facebook.com/bodegastradicion/ | https://www.instagram.com/bodegastradicion/,Visita a bodega | Degustación de vinos VORS y VOS Tradición y Fino Tradición | Visita comentada de la colección de pintura española de los siglos XIV a XIX,https://rutadelvinojerez.es/empresas-y-servicios/bodegas-tradicion,bodegas-tradicion,"Bodegas Tradición está dedicada en exclusiva a la elaboración de los vinos de Jerez más añejos, calificados por el Consejo Regulador. Sus vinos están catalogados como V.O.S. – Very Old Sherry con más de 20 años de vejez – o V.O.R.S. – Very Old Rare Sherry con más de 30 años de vejez. Esta bodega, que data del siglo XIX, se encuentra localizada en el casco histórico de Jerez, dentro de la zona que en su día constituyó la ciudad amurallada en época del reino musulmán. En Bodegas Tradición se combinan vino y pintura, dos formas de disfrutar de artes distintas en una combinación única. Un binomio difícil de encontrar en el mundo de forma tan completa. Un guía experto de su equipo acompaña al visitante durante la visita a la bodega y pinacoteca, descubriendo la historia de la casa y de sus vinos."
Bodegas Williams & Humbert Sau,Jerez de la Frontera,"Carretera Nacional IV, Km. 641,74, Autovía de salida Jerez_ Ptº de Stª María, Jerez de la Frontera",+34 677 452 256,,https://www.williams-humbert.com/,36.6698507,-6.1548563,https://twitter.com/bodegaswilliams | https://www.facebook.com/WilliamsHumbert | https://www.instagram.com/williamshumbert/ | https://www.youtube.com/channel/UCrOTn56AtvOcX1NRAgXRvAQ,Museo del Jerez | Visita a bodega y cata de vinos | Aparcamiento propio | Espacios para eventos,https://rutadelvinojerez.es/empresas-y-servicios/bodegas-williams-humbert-sau,bodegas-williams-humbert-sau,"Desde 1877, las Bodegas Williams & Humbert se dedican a la elaboración y envejecimiento de Vinos y Brandies de Jerez. Su complejo bodeguero, Premio Nacional de Arquitectura y parte del Patrimonio Histórico de Andalucía, es un magnífico ejemplo de la armoniosa conjunción de la Arquitectura de diseño e Ingeniería Industrial, precedente de la contemporánea «Arquitectura de Autor». Un equilibrado grupo de edificios y jardines -más de 180.000 m2- en un enclave privilegiado. En total, más de 30 millones de litros de Jereces y Brandies, -60.000 botas de roble americano-, reposan y envejecen bajo el tradicional Sistema de «Criaderas y Soleras». Parte de su historia se manifiesta en la famosa «Sala de Añadas», con la mayor y más antigua colección de vinos certificados por El Consejo Regulador, desde 1920 hasta nuestros días. Williams & Humbert une los aromas de sus vinos a los símbolos de la tierra jerezana, ofreciendo en sus visitas un evocador espectáculo ecuestre con caballos de pura raza española. Los Enganches, las instalaciones ecuestres y el diorama virtual, son atractivos añadidos a la visita guiada. El Salón «Gran Duque de Alba» acoge «El Museo del Jerez», donde se exhibe utillaje de la pisa de la uva, instrumentos de laboratorio, prensas, bombas, etc., piezas originales únicas, en magnífico estado de conservación, reunidas desde el siglo XVIII. En los jardines exteriores, conviven 17 especies de aves distintas, procedentes de los cinco continentes."
Bodegas Yuste,Sanlúcar de Barrameda,"Carretera de Chipiona km. 2, Sanlúcar de Barrameda",+34 628 017 004,,https://bodegasyuste.com/,36.755853096634,-6.3695578386189,https://twitter.com/bodegasyuste | https://www.facebook.com/BodegasYuste/ | https://www.instagram.com/bodegasyuste/,Catas de Manzanillas de la D.O. Manzanilla-Sanlúcar de Barrameda,https://rutadelvinojerez.es/empresas-y-servicios/bodegas-yuste,bodegas-yuste,"Ubicada en Sanlúcar de Barrameda, Bodegas Yuste es una bodega familiar que elabora vinos y destilados de primera calidad bajo la D.O. Manzanilla-Sanlúcar de Barrameda, D.O. Jerez-Xérès-Sherry, D.E. Brandy de Jerez. Sus Manzanillas Aurora, Conde de Aldama y La Kika representan a la perfección la esencia de la albariza, de las soleras de botas centenarias y del cuidado y esmero en una bodega de Sanlúcar. Bodegas Yuste ofrece al visitante la posibilidad de catar sus mejores productos en catas comentadas en la magia de la bodega que llevar en sus recuerdos para siempre."
Bodegas Álvaro Domecq,Jerez de la Frontera,"Calle Madre de Dios, S/N, 11401, Jerez de la Frontera",+34 956 339 634,,https://www.alvarodomecq.com/,36.6785003,-6.1284574,https://twitter.com/terraselecta | https://www.facebook.com/terraselecta | https://www.instagram.com/bodegasalvarodomecq,Visita a bodega con degustación de vinos | Visita a bodega con degustación de vinos V.O.R.S.,https://rutadelvinojerez.es/empresas-y-servicios/bodegas-alvaro-domecq,bodegas-alvaro-domecq,"En el año 1998 Álvaro Domecq Romero adquiere las antiguas Bodegas de Pilar Aranda y comienza a vender sus vinos bajo el nombre comercial: «Álvaro Domecq S.L.». Un nuevo camino que identifica la bodega con un “Nacer de Nuevo». Desde un principio, la compañía se diferencia de la amplia oferta existente produciendo y comercializando productos sellados por la calidad. La distinción de la bodega estriba en la adquisición de los más excelentes mostos que su equipo de expertos elige en las mejores bodegas del Marco de Jerez. Este vino de mosto es criado en botas de roble americano por el tradicional sistema de soleras y criaderas de un modo totalmente artesanal. La bodega data de la primera mitad del siglo XVIII y está construida sobre una loma en el sur de la ciudad. Su singularidad reside en sus tejados a dos aguas, su alta cubierta soportada por esbeltos pilares y sus numerosos espacios, entre los que destacan su amplio salón de celebraciones, el Salón Torrestrella, y su patio exterior."
Cooperativa Agrícola Virgen De Palomares,Trebujena,"Av. de Sevilla, 82 11560 Trebujena (Cádiz)",+34 956 332 050,virgenpalomares1@gmail.com,https://vinosdetrebujena.com/visitas-y-catas/,36.8714019,-6.1716504,https://www.facebook.com/profile.php?id=100063637627394 | https://www.instagram.com/virgenpalomares.s.c.a/,"Catas guiadas de toda la gama de vinos de Jerez (aforo máximo: 16 personas) | Catas a “pie de bota” en la bodega (aforo máximo: 10 personas) | Visitas guiadas al lagar y a la bodega, tanto para público adulto como infantil, adaptando los contenidos (aforo máximo: 25 personas)",https://rutadelvinojerez.es/empresas-y-servicios/cooperativa-agricola-virgen-de-palomares,cooperativa-agricola-virgen-de-palomares,"La Cooperativa Agrícola Virgen de Palomares es una de las bodegas más representativas del municipio de Trebujena. Fundada en 1977, esta cooperativa ha jugado un papel fundamental en la preservación y promoción de la tradición vitivinícola de la región, contribuyendo al desarrollo económico y social del entorno rural. Especializada en la elaboración de vinos de alta calidad, la cooperativa trabaja principalmente con la variedad de uva Palomino Fino, característica de la zona. Sus viñas se extienden sobre tierras albarizas, cuya singularidad aporta un carácter especial a sus vinos, destacándose por su frescura y autenticidad. Entre sus productos se encuentran los vinos tradicionales del Marco de Jerez, así como una selección de vinos blancos jóvenes que reflejan la esencia de los viñedos de Trebujena. La Cooperativa Agrícola Virgen de Palomares no solo es un referente en la producción vinícola, sino que también es una defensora de las prácticas agrícolas sostenibles y de la cooperación entre los pequeños viticultores de la zona, promoviendo un modelo de producción que valora la calidad, el respeto por la tierra y la cultura local. Con su compromiso hacia la innovación y la tradición, esta cooperativa se consolida como un actor clave en la Ruta del Vino y el Brandy del Marco de Jerez, ofreciendo a sus visitantes una experiencia única en la que el vino, la historia y la pasión por el trabajo en el campo se entrelazan."
Cooperativa De Viticultores Chiclaneros,Chiclana de la Frontera,"Polígono Industrial El Torno. Calle de la Madera, 5, Chiclana de la Frontera",+34 956 535 913,,https://www.bodegacooperativa.com/content/10-la-bodega,36.42593383969,-6.1486389606635,https://www.facebook.com/profile.php?id=100004488426837 | https://www.instagram.com/bodega_cooperativa/,Venta de vino,https://rutadelvinojerez.es/empresas-y-servicios/cooperativa-de-viticultores-chiclaneros,cooperativa-de-viticultores-chiclaneros,"Esta cooperativa se fundó en el año 1992, heredada de una larga tradición cooperativista que tuvo su primera experiencia en la Colonia Vitivinícola en 1884. Absorbió parte de los socios y de las existencias de vino de la desaparecida Cooperativa Andaluza San Juan Bautista, fundada en 1956, tomando el testigo del Sindicato de Viticultores del Padre Salado, creado en 1914. La actual bodega se construyó en el año 2000 sobre terrenos de marismas, colindante con el polígono industrial de El Torno. Tiene seis mil metros cuadrados, repartidos en once naves, con lagar, depósitos y nave de crianza, en donde se elaboran aún de manera artesanal vinos procedentes de 215 hectáreas de viñedos de uva Palomino y Moscatel repartidos por los términos municipales de Chiclana y Puerto Real."
Covisan – Cooperativa Vitivinícola Sanluqueña,Sanlúcar de Barrameda,"Carretera de Jerez, Km. 1,300, Sanlúcar de Barrameda",+34 956 361 874,,https://covisan.net/,36.761605098846,-6.3375707318153,,Visitas a bodega,https://rutadelvinojerez.es/empresas-y-servicios/covisan-cooperativa-vitivinicola-sanluquena,covisan-cooperativa-vitivinicola-sanluquena,"La Cooperativa del Campo Vitivinícola Sanluqueña COVISAN se constituyó el 13 de Julio de 1968, inicialmente formada por 41 socios. Actualmente, la cooperativa tiene una producción de unos 4.000.000 de kilogramos de uvas y unos 3.000.000 de litros de vino anualmente, obtenidos de las 350 hectáreas de viñedo de sus socios y proveedores. Dispone de una bodega de crianza con 615.000 litros de Manzanilla y 30.000 litros de vinos con denominación Jerez-Xérès-Sherry, envejecidos en 1.450 botas de roble."
Finca La Pintora,Rota,"Carretera del Bercial Km. 2,5, Rota",+34 647 503 532,info@fincalapintora.com,https://www.fincalapintora.com/,36.68372,-6.34131,,Visitas guiadas a viñedos y bodega | Catas y maridajes | Tienda de vinos,https://rutadelvinojerez.es/empresas-y-servicios/finca-la-pintora,finca-la-pintora,"Finca La Pintora es un proyecto vitivinícola familiar situado en Rota (Cádiz) dedicado a la producción de vinos ecológicos de alta calidad, con especial protagonismo de la uva Tintilla de Rota, variedad autóctona emblemática de la zona. El proyecto nace del compromiso por preservar y recuperar esta variedad tradicional, cultivada en parcelas situadas en el Pago Jardal, con métodos respetuosos con la tierra y mínima intervención. La finca combina su paisaje de viñedos con una edificación de arquitectura tradicional donde se ubican la bodega y espacios para recibir visitantes. El entorno permite contemplar el campo gaditano y la cercanía del mar, ofreciendo una experiencia auténtica de viticultura sostenible y de tradición familiar."
Viña El Carmen,Jerez de la Frontera,"Viña del Carmen, 11400 Jerez de la Frontera, Cádiz",+34 956 332 050,bodega@vecwines.com,https://vecwines.com/,36.7442288,-6.1928479,,"Visita viñedo, bodega y cata de vinos | Eventos privados",https://rutadelvinojerez.es/empresas-y-servicios/vina-el-carmen,vina-el-carmen,"Viña El Carmen se sitúa en el emblemático pago de Macharnudo, uno de los grandes referentes del viñedo del Marco de Jerez, rodeada por un paisaje de albariza y viñedo a 360 grados que define el carácter único de este territorio. Un enclave privilegiado para comprender el origen del vino de Jerez desde la propia tierra. La experiencia incluye la visita al viñedo y a la bodega, permitiendo conocer de primera mano el trabajo en la viña y los procesos de elaboración, para finalizar con una cata de vinos en un entorno natural excepcional. Viña El Carmen ofrece una vivencia auténtica y cercana, donde paisaje, tradición y vino se unen para descubrir Jerez desde su raíz más pura."
Viña La Torre,El Puerto de Santa María / Jerez de la Frontera,"Carretera de Jerez a Rota Km.7,5, El Puerto de Santa María",+34 600 380 885,,https://albarizadelatorre.es/,36.67587,-6.22648,https://www.facebook.com/VinosAlbarizadelaTorre | https://www.instagram.com/explore/locations/1242400519241838/vina-la-torre/,Eventos y celebraciones | Catas | Música en la viña,https://rutadelvinojerez.es/empresas-y-servicios/vina-la-torre-de-balbaina,vina-la-torre-de-balbaina,"Esta finca junto con la de Santa Lucía y Viruela forman el proyecto Viña Bilbaína. La casa de viñas data de 1717, sigue teniendo un fin agrícola aunque se complementa con un uso de actividades enoturísticas, para ello dispone de un amplio aparcamiento, salón, servicios y la zona del almijar. Se encuentra recogido en el Catálogo del patrimonio agrario-rural de la provincia de Cádiz."
Viñedos Bodega El Piraña,Trebujena,"C. de los Cantes de Trilla, 5, 11560 Trebujena, Cádiz",+34 956 332 050,vinospirana@gmail.com,,36.8717109,-6.1747064,https://www.facebook.com/juanfranciscopulidocabral24 | https://www.instagram.com/vinedos_bodega_el_pirana/,"Visitas, catas y experiencias",https://rutadelvinojerez.es/empresas-y-servicios/vinedos-bodega-el-pirana,vinedos-bodega-el-pirana,"Viñedos Bodega El Piraña es un proyecto vitivinícola situado en Trebujena que pone en valor el viñedo como origen y esencia del vino. En pleno paisaje de albariza del Bajo Guadalquivir, esta bodega representa una forma honesta y cercana de entender el vino, profundamente ligada a la tierra y al trabajo artesanal. La experiencia en El Piraña invita a recorrer los viñedos, conocer de primera mano la filosofía del proyecto y adentrarse en los procesos de elaboración, finalizando con una cata de vinos que reflejan el carácter del territorio. Una visita auténtica, sin artificios, pensada para quienes desean descubrir Trebujena desde su paisaje vitícola, su historia reciente y su manera sincera de hacer vino."
Bodegas Emilio Hidalgo,Jerez de la Frontera,,,,https://www.emiliohidalgo.es,,,,,,bodegas-emilio-hidalgo,"Bodega piloto del proyecto (no inscrita en la Ruta del Vino). Datos a completar; identidad Google confirmada (nota 4,7)."
